{
  "lang":"xx",
  "name":"pipeline",
  "version":"0.0.0",
  "spacy_version":">=3.7.2,<3.8.0",
  "description":"",
  "author":"",
  "email":"",
  "url":"",
  "license":"",
  "spacy_git_version":"a89eae928",
  "vectors":{
    "width":0,
    "vectors":0,
    "keys":0,
    "name":null,
    "mode":"default"
  },
  "labels":{
    "tok2vec":[

    ],
    "ner":[
      "EducInnovProject",
      "EducQualityEvaluation",
      "MasterProject",
      "Phd",
      "ProfessionalJob",
      "Questionnaire",
      "ResearchProject",
      "StudentProject",
      "Subject"
    ]
  },
  "pipeline":[
    "tok2vec",
    "ner"
  ],
  "components":[
    "tok2vec",
    "ner"
  ],
  "disabled":[

  ],
  "performance":{
    "ents_f":0.9705107952,
    "ents_p":0.9710221286,
    "ents_r":0.97,
    "ents_per_type":{
      "StudentProject":{
        "p":0.9941176471,
        "r":0.9970501475,
        "f":0.9955817378
      },
      "Subject":{
        "p":0.9869215292,
        "r":0.9617647059,
        "f":0.9741807349
      },
      "Phd":{
        "p":0.8837209302,
        "r":1.0,
        "f":0.9382716049
      },
      "Questionnaire":{
        "p":0.904109589,
        "r":1.0,
        "f":0.9496402878
      },
      "ProfessionalJob":{
        "p":0.9897959184,
        "r":1.0,
        "f":0.9948717949
      },
      "MasterProject":{
        "p":0.9838709677,
        "r":1.0,
        "f":0.9918699187
      },
      "ResearchProject":{
        "p":0.9111111111,
        "r":0.7454545455,
        "f":0.82
      },
      "EducInnovProject":{
        "p":0.9285714286,
        "r":0.9285714286,
        "f":0.9285714286
      },
      "EducQualityEvaluation":{
        "p":1.0,
        "r":0.8333333333,
        "f":0.9090909091
      }
    },
    "tok2vec_loss":34014.928162575,
    "ner_loss":1109.8882087044
  }
}